section	subcategory	specific	tokens	objects
Print	Etching & engraving (intaglio)	Etching	1058	19665
Print	Lithographs (planographic)	Lithograph	1031	15242
Print	Etching & engraving (intaglio)	Engraving	375	12905
Other / unclassified	Other / unclassified	Other / unclassified	4849	11939
Print	Relief prints (woodcut, linocut)	Woodcut	747	9254
Print	Etching & engraving (intaglio)	Mixed / other intaglio	1200	8813
Print	Relief prints (woodcut, linocut)	Wood engraving	217	8271
Textile	Natural fiber (silk, wool, cotton)	Silk	1124	4033
Photograph	Gelatin silver print	Gelatin silver print	170	3756
Print	Etching & engraving (intaglio)	Aquatint	616	3420
Drawing	Ink	Ink (unspecified)	562	2793
Print	Lithographs (planographic)	Offset lithograph	122	2569
Decorative & other materials	Precious metal (gold, silver)	Silver	187	2545
Print	Etching & engraving (intaglio)	Drypoint	220	2501
Drawing	Pencil, chalk & crayon	Graphite / pencil	495	2467
Textile	Woven & worked cloth	Woven & worked cloth	1198	2344
Textile	Natural fiber (silk, wool, cotton)	Wool	312	2281
Textile	Natural fiber (silk, wool, cotton)	Cotton	467	2172
Decorative & other materials	Wood	Wood	315	1977
Ceramic & glass	Glass	Glass (unspecified)	250	1938
Drawing	Ink	Black ink	69	1660
Print	Screenprints & stencils	Screenprint	263	1603
Drawing	Ink	Other ink	659	1499
Photograph	Photograph (unspecified)	Photograph (unspecified)	224	1419
Ceramic & glass	Earthenware & stoneware	Earthenware	99	1273
Painting	Watercolor	Watercolor	153	1238
Textile	Textile technique (weaving, embroidery)	Weaving	317	1196
Painting	Oil	Oil on canvas	44	1060
Textile	Other textile	Other textile	340	1055
Ceramic & glass	Porcelain	Porcelain (unspecified)	80	1019
Painting	Gouache / opaque watercolor	Gouache / opaque watercolor	212	1012
Photograph	Photogravure / photomechanical	Photogravure / photomechanical	158	1005
Print	Other print process	Other print process	174	912
Painting	Other paint	Other paint	361	877
Sculpture	Bronze	Bronze	106	868
Textile	Natural fiber (silk, wool, cotton)	Linen	217	849
Print	Relief prints (woodcut, linocut)	Letterpress & line block	117	843
Decorative & other materials	Beads, feathers & plant material	Beads, feathers & plant material	228	787
Textile	Textile technique (weaving, embroidery)	Embroidery	210	754
Print	Lithographs (planographic)	Mixed / other planographic	46	684
Print	Etching & engraving (intaglio)	Mezzotint	35	619
Decorative & other materials	Animal material (ivory, bone, leather)	Leather / hide	172	601
Textile	Textile technique (weaving, embroidery)	Knotted pile	46	592
Decorative & other materials	Other material	Other material	256	589
Decorative & other materials	Base metal (bronze, iron, copper)	Brass	75	583
Ceramic & glass	Other ceramic	Ceramic	1	509
Print	Relief prints (woodcut, linocut)	Linocut	84	502
Decorative & other materials	Other material	Stone	1	478
Decorative & other materials	Precious metal (gold, silver)	Gold	219	475
Drawing	Pencil, chalk & crayon	Chalk	245	459
Print	Lithographs (planographic)	Monotype / monoprint	103	453
Ceramic & glass	Earthenware & stoneware	Terracotta	20	442
Textile	Thread & trimmings	Thread & trimmings	122	421
Drawing	Pencil, chalk & crayon	Other dry media	187	404
Textile	Textile technique (weaving, embroidery)	Tapestry	23	403
Textile	Natural fiber (silk, wool, cotton)	Other natural fiber	207	401
Decorative & other materials	Animal material (ivory, bone, leather)	Ivory / tusk	84	397
Decorative & other materials	Other material	Metal	1	393
Decorative & other materials	Base metal (bronze, iron, copper)	Iron	37	360
Decorative & other materials	Animal material (ivory, bone, leather)	Shell	96	351
Photograph	Chromogenic / C print	Chromogenic / C print	47	344
Ceramic & glass	Porcelain	Soft-paste porcelain	3	339
Textile	Natural fiber (silk, wool, cotton)	Camelid / alpaca	23	312
Painting	Acrylic	Acrylic	102	309
Drawing	Pencil, chalk & crayon	Crayon	96	308
Ceramic & glass	Porcelain	Hard-paste porcelain	4	306
Print	Relief prints (woodcut, linocut)	Relief etching	27	299
Drawing	Pencil, chalk & crayon	Pastel	71	292
Sculpture	Plaster	Plaster	12	283
Decorative & other materials	Base metal (bronze, iron, copper)	Copper	67	280
Ceramic & glass	Other ceramic	Other ceramic	80	268
Drawing	Pencil, chalk & crayon	Charcoal	80	267
Painting	Oil	Oil (other support)	90	262
Print	Screenprints & stencils	Pochoir	36	259
Painting	Oil	Oil on panel	22	253
Print	Screenprints & stencils	Stencil	98	234
Drawing	Other drawing media	Other drawing media	116	215
Decorative & other materials	Animal material (ivory, bone, leather)	Bone / antler / horn	65	205
Photograph	Negative / transparency	Negative / transparency	27	196
Textile	Woven & worked cloth	Velvet	1	186
Ceramic & glass	Glass	Blown glass	28	180
Other / unclassified	Other / unclassified	Illustration	1	172
Sculpture	Other sculpture material	Other sculpture material	60	165
Textile	Woven & worked cloth	Satin	1	165
Sculpture	Marble	Marble	65	165
Sculpture	Wood	Wood	24	164
Ceramic & glass	Glass	Lead / crystal glass	27	155
Decorative & other materials	Base metal (bronze, iron, copper)	Steel	56	139
Photograph	Albumen print	Albumen print	15	135
Textile	Synthetic fiber (nylon, polyester)	Synthetic fiber (nylon, polyester)	113	135
Decorative & other materials	Plastic & synthetic	Plastic	1	133
Painting	Tempera	Tempera	30	128
Decorative & other materials	Plastic & synthetic	Plastic & synthetic	77	122
Photograph	Digital / inkjet print	Digital (unspecified)	38	117
Photograph	Other photographic	Other photographic	3	115
Ceramic & glass	Earthenware & stoneware	Stoneware	31	115
Photograph	Photogravure / photomechanical	Woodburytype	1	114
Drawing	Other drawing media	Drawing	1	112
Textile	Synthetic fiber (nylon, polyester)	Rayon	1	112
Textile	Textile technique (weaving, embroidery)	Resist dyeing (batik, ikat)	15	110
Photograph	Digital / inkjet print	Inkjet / pigment print	31	108
Print	Lithographs (planographic)	Collotype	14	105
Decorative & other materials	Wood	Bamboo	1	102
Painting	Other paint	Paint	1	97
Photograph	Photogravure / photomechanical	Photogravure	1	94
Textile	Textile technique (weaving, embroidery)	Other textile technique	58	93
Textile	Synthetic fiber (nylon, polyester)	Nylon	1	92
Decorative & other materials	Lacquer & enamel	Lacquer & enamel	57	88
Decorative & other materials	Other material	Hardwood	1	88
Textile	Synthetic fiber (nylon, polyester)	Polyester	1	84
Sculpture	Cast / modelled	Cast / modelled	25	83
Ceramic & glass	Other ceramic	Clay	1	80
Drawing	Ink	Brown ink	23	80
Textile	Woven & worked cloth	Brocade	1	76
Textile	Other textile	Paper	1	75
Other / unclassified	Other / unclassified	Collage	1	73
Print	Lithographs (planographic)	Chromolithograph	3	73
Photograph	Platinum / palladium print	Platinum / palladium print	9	71
Textile	Other textile	Raffia	1	71
Textile	Thread & trimmings	Sequins	1	67
Decorative & other materials	Base metal (bronze, iron, copper)	Pewter / tin	10	65
Decorative & other materials	Other material	Suede	1	64
Textile	Other textile	Net	1	61
Photograph	Daguerreotype	Daguerreotype	25	60
Textile	Woven & worked cloth	Felt	1	58
Textile	Other textile	Chiffon	1	57
Drawing	Ink	Colored ink	8	53
Decorative & other materials	Beads, feathers & plant material	Straw	1	53
Other / unclassified	Other / unclassified	Jadeite	1	52
Other / unclassified	Other / unclassified	Quartzite	1	49
Textile	Thread & trimmings	Metal thread	1	48
Photograph	Other photographic	Relief halftone	1	47
Decorative & other materials	Beads, feathers & plant material	Rattan	1	47
Ceramic & glass	Glass	Other glass	33	47
Ceramic & glass	Porcelain	Other porcelain	26	47
Decorative & other materials	Other material	Wire	1	44
Print	Relief prints (woodcut, linocut)	Mixed / other relief	30	44
Decorative & other materials	Wood	Mahogany	1	42
Textile	Thread & trimmings	Ribbon	1	42
Print	Etching & engraving (intaglio)	Stipple	11	39
Other / unclassified	Other / unclassified	Resin	1	38
Textile	Other textile	Wove paper	1	38
Textile	Other textile	String	1	37
Textile	Textile technique (weaving, embroidery)	Knitting / crochet	4	35
Other / unclassified	Other / unclassified	Pigments	1	35
Other / unclassified	Other / unclassified	Fur	1	34
Decorative & other materials	Lacquer & enamel	Enamel	1	34
Textile	Other textile	Taffeta	1	33
Textile	Woven & worked cloth	Cloth	1	32
Ceramic & glass	Other ceramic & glass	Obsidian	1	31
Decorative & other materials	Wood	Oak	1	31
Other / unclassified	Other / unclassified	Mixed media	1	30
Drawing	Pencil, chalk & crayon	Conté / sanguine	16	27
Photograph	Ambrotype / tintype	Ambrotype / tintype	16	27
Decorative & other materials	Base metal (bronze, iron, copper)	Other base metal	16	27
Textile	Woven & worked cloth	Tulle	1	27
Textile	Thread & trimmings	Thread	1	27
Ceramic & glass	Glass	Stained glass	2	26
Other / unclassified	Other / unclassified	Hide	1	26
Decorative & other materials	Wood	Walnut	1	25
Photograph	Carbon print	Carbon print	10	25
Other / unclassified	Other / unclassified	Goat hair	1	25
Other / unclassified	Other / unclassified	Alabaster	1	24
Other / unclassified	Other / unclassified	Horsehair	1	24
Decorative & other materials	Wood	Ebony	1	24
Other / unclassified	Other / unclassified	Flint	1	23
Other / unclassified	Other / unclassified	Baleen	1	21
Print	Etching & engraving (intaglio)	Intaglio	1	21
Decorative & other materials	Beads, feathers & plant material	Coral	1	21
Decorative & other materials	Precious metal (gold, silver)	Other precious metal	17	21
Other / unclassified	Other / unclassified	Roulette	1	20
Textile	Natural fiber (silk, wool, cotton)	Cashmere	1	20
Other / unclassified	Other / unclassified	Hair	1	20
Textile	Woven & worked cloth	Cut velvet	1	20
Textile	Other textile	Handmade paper	1	19
Photograph	Cyanotype	Cyanotype	7	19
Other / unclassified	Other / unclassified	Cork	1	18
Other / unclassified	Other / unclassified	Scraping	1	18
Painting	Other paint	Metallic paint	1	18
Other / unclassified	Other / unclassified	Birch bark	1	17
Other / unclassified	Other / unclassified	Twining	1	17
Textile	Other textile	Twine	1	17
Textile	Woven & worked cloth	Damask	1	17
Textile	Thread & trimmings	Yarn	1	17
Other / unclassified	Other / unclassified	Spandex	1	17
Other / unclassified	Other / unclassified	Limestone	1	16
Textile	Natural fiber (silk, wool, cotton)	Mohair	1	16
Other / unclassified	Other / unclassified	Gut	1	15
Decorative & other materials	Other material	Lead	1	15
Textile	Other textile	Fringe	1	15
Other / unclassified	Other / unclassified	Cliché-verre	1	15
Painting	Gouache / opaque watercolor	Gouache	1	14
Ceramic & glass	Other ceramic & glass	Kaolin	1	14
Other / unclassified	Other / unclassified	Bark	1	14
Textile	Woven & worked cloth	Velveteen	1	14
Other / unclassified	Other / unclassified	Couching	1	14
Textile	Other textile	Cardboard	1	14
Drawing	Metalpoint	Metalpoint	8	13
Decorative & other materials	Beads, feathers & plant material	Amber	1	13
Sculpture	Plaster	Lime plaster	1	13
Textile	Other textile	Lampas	1	13
Textile	Other textile	Chenille	1	13
Other / unclassified	Other / unclassified	Jet	1	13
Textile	Other textile	Batiste	1	13
Ceramic & glass	Glass	Pressed / molded glass	6	12
Other / unclassified	Other / unclassified	Human hair	1	12
Decorative & other materials	Other material	Jade	1	12
Other / unclassified	Other / unclassified	Palm leaf	1	12
Other / unclassified	Other / unclassified	Reed	1	12
Other / unclassified	Other / unclassified	Embossing	1	12
Textile	Other textile	Japan paper	1	12
Other / unclassified	Other / unclassified	Burnishing	1	11
Textile	Other textile	Slit tapestry	1	11
Painting	Other paint	Painting	1	11
Textile	Other textile	Cord	1	11
Other / unclassified	Other / unclassified	Wrapping	1	11
Textile	Other textile	Twill	1	11
Textile	Other textile	Organza	1	11
Other / unclassified	Other / unclassified	Grass	1	11
Decorative & other materials	Other material	Polyamide	1	11
Decorative & other materials	Lacquer & enamel	Lacquer	1	10
Textile	Other textile	Rope	1	10
Other / unclassified	Other / unclassified	Agate	1	10
Decorative & other materials	Other material	Maple	1	10
Other / unclassified	Other / unclassified	Pearl	1	10
Decorative & other materials	Other material	Pine	1	10
Other / unclassified	Other / unclassified	Sinew	1	10
Textile	Other textile	Elastic	1	10
Other / unclassified	Other / unclassified	Vellum	1	10
Textile	Other textile	Braid	1	10
Textile	Other textile	Lamé	1	10
Other / unclassified	Other / unclassified	Reproduction	1	10
Textile	Other textile	Denim	1	10
Other / unclassified	Other / unclassified	Basalt	1	9
Other / unclassified	Other / unclassified	Serpentine	1	9
Textile	Woven & worked cloth	Gauze	1	9
Textile	Other textile	Mulberry paper	1	9
Other / unclassified	Other / unclassified	Skin	1	9
Other / unclassified	Other / unclassified	Cane	1	9
Other / unclassified	Other / unclassified	Hard ground	1	9
Other / unclassified	Other / unclassified	Coiling	1	9
Other / unclassified	Other / unclassified	Rawhide	1	9
Decorative & other materials	Other material	Mother of pearl	1	8
Other / unclassified	Other / unclassified	Sealskin	1	8
Painting	Acrylic	Acrylic paint	1	8
Photograph	Ambrotype / tintype	Ambrotype	1	8
Textile	Other textile	Tapestry	1	8
Ceramic & glass	Other ceramic & glass	Rhinestone	1	8
Print	Screenprints & stencils	Other stencil work	4	8
Other / unclassified	Other / unclassified	Piecing	1	8
Textile	Thread & trimmings	Gold thread	1	8
Decorative & other materials	Animal material (ivory, bone, leather)	Other animal material	8	8
Decorative & other materials	Other material	Wax	1	8
Photograph	Other photographic	Heliotype	1	7
Textile	Other textile	Pandanus	1	7
Textile	Woven & worked cloth	Bark cloth	1	7
Other / unclassified	Other / unclassified	Stem	1	7
Other / unclassified	Other / unclassified	Dye	1	7
Other / unclassified	Other / unclassified	Wash	1	7
Decorative & other materials	Other material	Rosewood	1	7
Other / unclassified	Other / unclassified	Soft ground	1	7
Textile	Other textile	Japanese paper	1	7
Other / unclassified	Other / unclassified	Parchment	1	7
Other / unclassified	Other / unclassified	Turquoise	1	6
Other / unclassified	Other / unclassified	Plant material	1	6
Decorative & other materials	Other material	Kingwood	1	6
Textile	Other textile	Canvas	1	6
Other / unclassified	Other / unclassified	Carnelian	1	6
Other / unclassified	Other / unclassified	Amethyst	1	6
Other / unclassified	Other / unclassified	Mica	1	6
Other / unclassified	Other / unclassified	Rubber	1	6
Textile	Other textile	Flax	1	6
Textile	Thread & trimmings	Silver thread	1	6
Other / unclassified	Other / unclassified	Patchwork	1	6
Other / unclassified	Other / unclassified	Lapis lazuli	1	6
Other / unclassified	Other / unclassified	Gesso	1	6
Sculpture	Other sculpture material	Relief	1	5
Textile	Other textile	Crepe	1	5
Textile	Woven & worked cloth	Voided velvet	1	5
Decorative & other materials	Precious metal (gold, silver)	Platinum	1	5
Textile	Other textile	Calico	1	5
Photograph	Ambrotype / tintype	Tintype	1	5
Textile	Woven & worked cloth	Muslin	1	5
Other / unclassified	Other / unclassified	Netting	1	5
Decorative & other materials	Other material	Cherry	1	5
Decorative & other materials	Other material	Buckskin	1	5
Other / unclassified	Other / unclassified	Argillite	1	5
Other / unclassified	Other / unclassified	Running	1	5
Other / unclassified	Other / unclassified	Onyx	1	5
Other / unclassified	Other / unclassified	Smocking	1	5
Other / unclassified	Other / unclassified	Greenstone	1	5
Other / unclassified	Other / unclassified	Resist dyeing	1	5
Textile	Natural fiber (silk, wool, cotton)	Hemp	1	5
Textile	Other textile	Jacquard	1	5
Other / unclassified	Other / unclassified	Gum	1	5
Textile	Other textile	Passementerie	1	5
Decorative & other materials	Plastic & synthetic	Vinyl	1	5
Other / unclassified	Other / unclassified	Quilting	1	5
Decorative & other materials	Beads, feathers & plant material	Feather	1	5
Textile	Other textile	Lurex	1	4
Textile	Other textile	Backing	1	4
Other / unclassified	Other / unclassified	Soapstone	1	4
Other / unclassified	Other / unclassified	Slate	1	4
Other / unclassified	Other / unclassified	Red pigment	1	4
Decorative & other materials	Other material	Willow	1	4
Drawing	Other drawing media	Tracing paper	1	4
Other / unclassified	Other / unclassified	Beading	1	4
Other / unclassified	Other / unclassified	Jasper	1	4
Other / unclassified	Other / unclassified	Diamond	1	4
Textile	Other textile	Organdy	1	4
Photograph	Other photographic	Rotogravure	1	4
Other / unclassified	Other / unclassified	Potash	1	4
Sculpture	Stone	Other stone	4	4
Textile	Other textile	Newsprint	1	4
Other / unclassified	Other / unclassified	Sand	1	4
Other / unclassified	Other / unclassified	Casein	1	4
Other / unclassified	Other / unclassified	Braiding	1	4
Sculpture	Cast / modelled	Cast iron	1	4
Other / unclassified	Other / unclassified	Sanding	1	4
Decorative & other materials	Other material	Tulipwood	1	4
Other / unclassified	Other / unclassified	Adhesive	1	4
Decorative & other materials	Other material	Satinwood	1	4
Other / unclassified	Other / unclassified	Sandstone	1	4
Decorative & other materials	Other material	Cedar	1	4
Other / unclassified	Other / unclassified	Electronics	1	4
Decorative & other materials	Other material	Gilding	1	3
Other / unclassified	Other / unclassified	Trapunto	1	3
Textile	Other textile	Galloon	1	3
Print	Other print process	Screen printing	1	3
Sculpture	Other sculpture material	Stucco	1	3
Decorative & other materials	Other material	Beeswax	1	3
Ceramic & glass	Other ceramic & glass	Meerschaum	1	3
Decorative & other materials	Other material	Boxwood	1	3
Textile	Other textile	Tapa	1	3
Textile	Other textile	Corduroy	1	3
Other / unclassified	Other / unclassified	Quartz	1	3
Other / unclassified	Other / unclassified	White pigment	1	3
Painting	Other paint	Spray paint	1	3
Other / unclassified	Other / unclassified	Ash	1	3
Sculpture	Marble	Pentelic marble	1	3
Textile	Other textile	Plush	1	3
Other / unclassified	Other / unclassified	Glue	1	3
Other / unclassified	Other / unclassified	Calendering	1	3
Ceramic & glass	Glass	Glass beads	2	3
Textile	Other textile	Buckram	1	3
Photograph	Albumen print	Albumen	1	3
Other / unclassified	Other / unclassified	Sapphire	1	3
Painting	Oil	Oil paint	1	3
Decorative & other materials	Other material	Poplar	1	3
Decorative & other materials	Other material	Teak	1	3
Painting	Encaustic	Encaustic	3	3
Textile	Other textile	Moire	1	3
Other / unclassified	Other / unclassified	Black pigment	1	3
Print	Other print process	Printing	1	3
Sculpture	Plaster	Plaster of Paris	1	3
Textile	Other textile	Worsted	1	3
Other / unclassified	Other / unclassified	Incising	1	3
Decorative & other materials	Other material	Plywood	1	3
Sculpture	Marble	White marble	1	3
Other / unclassified	Other / unclassified	Granite	1	3
Print	Other print process	Block printing	1	3
Other / unclassified	Other / unclassified	Glitter	1	3
Other / unclassified	Other / unclassified	Concrete	1	3
Other / unclassified	Other / unclassified	Cream	1	3
Print	Other print process	Stonecut	1	3
Other / unclassified	Other / unclassified	Sprang	1	2
Other / unclassified	Other / unclassified	Dog hair	1	2
Other / unclassified	Other / unclassified	Mud	1	2
Other / unclassified	Other / unclassified	Cement	1	2
Other / unclassified	Other / unclassified	Niello	1	2
Other / unclassified	Other / unclassified	Tufting	1	2
Other / unclassified	Other / unclassified	Ocher	1	2
Decorative & other materials	Other material	Balsa	1	2
Decorative & other materials	Other material	White pine	1	2
Other / unclassified	Other / unclassified	Salt	1	2
Other / unclassified	Other / unclassified	Lava	1	2
Decorative & other materials	Other material	Sheffield plate	1	2
Other / unclassified	Other / unclassified	Tape	1	2
Photograph	Photograph (unspecified)	Photographic media	1	2
Textile	Other textile	Lawn	1	2
Other / unclassified	Other / unclassified	Tusche	1	2
Other / unclassified	Other / unclassified	Egg	1	2
Decorative & other materials	Other material	Calf	1	2
Decorative & other materials	Other material	Hickory	1	2
Ceramic & glass	Other ceramic & glass	Paste	1	2
Other / unclassified	Other / unclassified	Video	1	2
Decorative & other materials	Other material	Redwood	1	2
Textile	Other textile	Burlap	1	2
Sculpture	Marble	Black marble	1	2
Textile	Other textile	Ramie	1	2
Other / unclassified	Other / unclassified	Putty	1	2
Ceramic & glass	Other ceramic	Glaze	1	2
Textile	Other textile	Chintz	1	2
Painting	Acrylic	Acrylic sheet	1	2
Decorative & other materials	Other material	Ironwood	1	2
Sculpture	Marble	Carrara marble	1	2
Textile	Other textile	Weft wrapping	1	2
Textile	Other textile	Duck	1	2
Decorative & other materials	Other material	Beech	1	2
Textile	Other textile	Weft patterning	1	2
Other / unclassified	Other / unclassified	Diorite	1	2
Other / unclassified	Other / unclassified	Kidskin	1	2
Drawing	Other drawing media	Oil transfer drawing	1	2
Other / unclassified	Other / unclassified	Cellophane	1	2
Decorative & other materials	Other material	Alder	1	2
Other / unclassified	Other / unclassified	Chiaroscuro	1	2
Ceramic & glass	Other ceramic	Pipe clay	1	2
Textile	Other textile	Tweed	1	2
Decorative & other materials	Plastic & synthetic	Epoxy resin	1	2
Decorative & other materials	Other material	Chamois	1	2
Ceramic & glass	Other ceramic & glass	Biscuit	1	2
Other / unclassified	Other / unclassified	Shellac	1	2
Decorative & other materials	Other material	Marabou	1	2
Other / unclassified	Other / unclassified	Inlay	1	2
Other / unclassified	Other / unclassified	Deerskin	1	2
Other / unclassified	Other / unclassified	Neoprene	1	2
Textile	Other textile	Charmeuse	1	2
Textile	Other textile	Metallic paper	1	1
Textile	Other textile	Glassine	1	1
Drawing	Metalpoint	Silverpoint	1	1
Decorative & other materials	Wood	Wood veneer	1	1
Painting	Other paint	Reverse painting on glass	1	1
Other / unclassified	Other / unclassified	Varnish	1	1
Decorative & other materials	Other material	Linden	1	1
Other / unclassified	Other / unclassified	Emerald	1	1
Decorative & other materials	Other material	Celluloid	1	1
Other / unclassified	Other / unclassified	Chalcedony	1	1
Textile	Other textile	Gampi	1	1
Decorative & other materials	Other material	Cobalt	1	1
Textile	Other textile	Poplin	1	1
Decorative & other materials	Other material	Elm	1	1
Other / unclassified	Other / unclassified	Cord quilting	1	1
Other / unclassified	Other / unclassified	Malachite	1	1
Other / unclassified	Other / unclassified	Shale	1	1
Other / unclassified	Other / unclassified	Aniline dye	1	1
Other / unclassified	Other / unclassified	Clipping	1	1
Other / unclassified	Other / unclassified	Gypsum cement	1	1
Other / unclassified	Other / unclassified	Tatting	1	1
Decorative & other materials	Other material	Pear	1	1
Painting	Other paint	Enamel paint	1	1
Other / unclassified	Other / unclassified	Black slate	1	1
Painting	Other paint	Vinyl paint	1	1
Painting	Other paint	Silver paint	1	1
Decorative & other materials	Other material	Sitka spruce	1	1
Textile	Other textile	Bias tape	1	1
Other / unclassified	Other / unclassified	Caribou hair	1	1
Textile	Other textile	Chambray	1	1
Other / unclassified	Other / unclassified	Stitching	1	1
Other / unclassified	Other / unclassified	Tabby	1	1
Decorative & other materials	Other material	Laurel	1	1
Other / unclassified	Other / unclassified	Bitumen	1	1
Other / unclassified	Other / unclassified	Angora	1	1
Decorative & other materials	Other material	Tooth	1	1
Other / unclassified	Other / unclassified	Drying	1	1
Other / unclassified	Other / unclassified	Schist	1	1
Other / unclassified	Other / unclassified	Yak hair	1	1
Decorative & other materials	Other material	Fruitwood	1	1
Other / unclassified	Other / unclassified	Moonstone	1	1
Other / unclassified	Other / unclassified	Pyrite	1	1
Other / unclassified	Other / unclassified	Brocading	1	1
Ceramic & glass	Other ceramic & glass	Adobe	1	1
Other / unclassified	Other / unclassified	Tukula	1	1
Other / unclassified	Other / unclassified	Opal	1	1
Decorative & other materials	Other material	Sycamore	1	1
Other / unclassified	Other / unclassified	Knotting	1	1
Other / unclassified	Other / unclassified	Fleece	1	1
Decorative & other materials	Other material	Purpleheart	1	1
Decorative & other materials	Other material	Nickel	1	1
Decorative & other materials	Other material	Down	1	1
Other / unclassified	Other / unclassified	Soil	1	1
Drawing	Other drawing media	Stumping	1	1
Other / unclassified	Other / unclassified	Foam	1	1
Other / unclassified	Other / unclassified	Nephrite	1	1
Other / unclassified	Other / unclassified	Paper pulp	1	1
Other / unclassified	Other / unclassified	Oxides	1	1
Other / unclassified	Other / unclassified	Neon	1	1
Other / unclassified	Other / unclassified	Xerography	1	1
Decorative & other materials	Other material	Pea gravel	1	1
Other / unclassified	Other / unclassified	Serpentinite	1	1
Other / unclassified	Other / unclassified	Calligraphy	1	1
Other / unclassified	Other / unclassified	Felting	1	1
Other / unclassified	Other / unclassified	Garnet	1	1
Decorative & other materials	Other material	Olive	1	1
Other / unclassified	Other / unclassified	Mosaic	1	1
Decorative & other materials	Other material	White metal	1	1
Decorative & other materials	Other material	Quill	1	1
Other / unclassified	Other / unclassified	Cinnabar	1	1
Other / unclassified	Other / unclassified	Patterning	1	1
Decorative & other materials	Other material	Sawdust	1	1
Painting	Other paint	Magna	1	1
Other / unclassified	Other / unclassified	Doeskin	1	1
Ceramic & glass	Earthenware & stoneware	Other	1	1
Other / unclassified	Other / unclassified	Andesite	1	1
Other / unclassified	Other / unclassified	Tinsel	1	1
Other / unclassified	Other / unclassified	Granodiorite	1	1
Other / unclassified	Other / unclassified	Wicker	1	1
Decorative & other materials	Other material	Bullion	1	1
Other / unclassified	Other / unclassified	Camel hair	1	1
Textile	Natural fiber (silk, wool, cotton)	Jute	1	1
Other / unclassified	Other / unclassified	Marcasite	1	1
Painting	Oil	Linseed oil	1	1
Painting	Other paint	Aluminum paint	1	1
Textile	Other textile	Gingham	1	1
Other / unclassified	Other / unclassified	Seed	1	1
Other / unclassified	Other / unclassified	Asphalt	1	1
Textile	Other textile	Blue paper	1	1
Textile	Other textile	Faille	1	1
Other / unclassified	Other / unclassified	Fulling	1	1
Sculpture	Marble	Marbled paper	1	1
Other / unclassified	Other / unclassified	Root	1	1
Textile	Other textile	Twill tape	1	1
Other / unclassified	Other / unclassified	Calcite	1	1
Other / unclassified	Other / unclassified	Keratin	1	1
Other / unclassified	Other / unclassified	Duct tape	1	1
Ceramic & glass	Other ceramic	Unfired clay	1	1
Drawing	Other drawing media	Graph paper	1	1
Textile	Other textile	Paperboard	1	1
Decorative & other materials	Other material	Hawthorn	1	1
Other / unclassified	Other / unclassified	Indigo	1	1
Decorative & other materials	Other material	Koa	1	1
Other / unclassified	Other / unclassified	Job's tears	1	1
Photograph	Gelatin silver print	Silver gelatin paper	1	1
Textile	Other textile	Warp twining	1	1
Other / unclassified	Other / unclassified	Frankincense	1	1
Painting	Other paint	Mixed technique	1	1
Decorative & other materials	Wood	Wood inlay	1	1
Decorative & other materials	Other material	Holly	1	1
Other / unclassified	Other / unclassified	Ruby	1	1
Other / unclassified	Other / unclassified	Carving	1	1
Other / unclassified	Other / unclassified	Caning	1	1
Decorative & other materials	Wood	Black walnut	1	1
Other / unclassified	Other / unclassified	Tobacco	1	1
Decorative & other materials	Other material	Chicken wire	1	1
Textile	Other textile	Bast	1	1
Textile	Other textile	Sisal	1	1
Other / unclassified	Other / unclassified	Scratching	1	1
Decorative & other materials	Other material	Polypropylene	1	1
Other / unclassified	Other / unclassified	Rhodonite	1	1
Photograph	Digital / inkjet print	Xerox	1	1
